-- MySQL dump 10.13  Distrib 8.0.23, for Win64 (x86_64)
--
-- Host: localhost    Database: team_7_global_warming_4_db
-- ------------------------------------------------------
-- Server version	8.0.23

/*!40101 SET @OLD_CHARACTER_SET_CLIENT=@@CHARACTER_SET_CLIENT */;
/*!40101 SET @OLD_CHARACTER_SET_RESULTS=@@CHARACTER_SET_RESULTS */;
/*!40101 SET @OLD_COLLATION_CONNECTION=@@COLLATION_CONNECTION */;
/*!50503 SET NAMES utf8 */;
/*!40103 SET @OLD_TIME_ZONE=@@TIME_ZONE */;
/*!40103 SET TIME_ZONE='+00:00' */;
/*!40014 SET @OLD_UNIQUE_CHECKS=@@UNIQUE_CHECKS, UNIQUE_CHECKS=0 */;
/*!40014 SET @OLD_FOREIGN_KEY_CHECKS=@@FOREIGN_KEY_CHECKS, FOREIGN_KEY_CHECKS=0 */;
/*!40101 SET @OLD_SQL_MODE=@@SQL_MODE, SQL_MODE='NO_AUTO_VALUE_ON_ZERO' */;
/*!40111 SET @OLD_SQL_NOTES=@@SQL_NOTES, SQL_NOTES=0 */;

--
-- Table structure for table `causes_history`
--

DROP TABLE IF EXISTS `causes_history`;
/*!40101 SET @saved_cs_client     = @@character_set_client */;
/*!50503 SET character_set_client = utf8 */;
CREATE TABLE `causes_history` (
  `index` int NOT NULL,
  `year` int DEFAULT NULL,
  `deforestation` double DEFAULT NULL,
  `greenhouse_gases` double DEFAULT NULL,
  `fk_deforestation_id` int DEFAULT NULL,
  `fk_greenhouse_gases_id` int DEFAULT NULL,
  `fk_continents_countries_index` int NOT NULL,
  PRIMARY KEY (`index`),
  KEY `fk_deforestation_id_idx` (`fk_deforestation_id`),
  KEY `fk_greenhouse_gases_id_idx` (`fk_greenhouse_gases_id`),
  KEY `fk_causes_history_continents_countries1_idx` (`fk_continents_countries_index`),
  CONSTRAINT `fk_continents_countries_index` FOREIGN KEY (`fk_continents_countries_index`) REFERENCES `continents_countries` (`index`),
  CONSTRAINT `fk_deforestation_id` FOREIGN KEY (`fk_deforestation_id`) REFERENCES `causes_information` (`causes_id`),
  CONSTRAINT `fk_greenhouse_gases_id` FOREIGN KEY (`fk_greenhouse_gases_id`) REFERENCES `causes_information` (`causes_id`)
) ENGINE=InnoDB DEFAULT CHARSET=utf8;
/*!40101 SET character_set_client = @saved_cs_client */;

--
-- Dumping data for table `causes_history`
--

LOCK TABLES `causes_history` WRITE;
/*!40000 ALTER TABLE `causes_history` DISABLE KEYS */;
INSERT INTO `causes_history` VALUES (1,1990,NULL,6437000.131,1,2,1),(2,1991,NULL,6373259.703,1,2,2),(3,1992,NULL,6480086.588,1,2,3),(4,1993,NULL,6596774.554,1,2,4),(5,1994,NULL,6685730.471,1,2,5),(6,1995,NULL,6771015.64,1,2,6),(7,1996,NULL,6974407.044,1,2,7),(8,1997,NULL,7028804.635,1,2,8),(9,1998,NULL,7077750.264,1,2,9),(10,1999,NULL,7125608.984,1,2,10),(11,2000,NULL,7275396.969,1,2,11),(12,2001,1943318.744,7172475.076,1,2,12),(13,2002,2038435.691,7214460.602,1,2,13),(14,2003,1649383.91,7255112.41,1,2,14),(15,2004,2746257.288,7381668.684,1,2,15),(16,2005,2691544.211,7391771.13,1,2,16),(17,2006,2605855.554,7314388.891,1,2,17),(18,2007,2435127.98,7416454.469,1,2,18),(19,2008,2213723.539,7210129.302,1,2,19),(20,2009,1608980.963,6753906.086,1,2,20),(21,2010,2167662.188,6981613.045,1,2,21),(22,2011,1663692.304,6820533.469,1,2,22),(23,2012,1964094.349,6580674.816,1,2,23),(24,2013,1736445.498,6769551.029,1,2,24),(25,2014,1736526.807,6829016.655,1,2,25),(26,2015,2289649.128,6676371.427,1,2,26),(27,2016,2264066.75,6524080.438,1,2,27),(28,2017,2311358.03,6488234.64,1,2,28),(29,2018,2092359.472,6676649.617,1,2,29),(30,2019,2109918.283,NULL,1,2,30),(31,1990,NULL,3265218.853,1,2,31),(32,1991,NULL,3422700.551,1,2,32),(33,1992,NULL,3566155.846,1,2,33),(34,1993,NULL,3806705.996,1,2,34),(35,1994,NULL,3988426.502,1,2,35),(36,1995,NULL,4390369.517,1,2,36),(37,1996,NULL,4463266.532,1,2,37),(38,1997,NULL,4618215.546,1,2,38),(39,1998,NULL,4814364.561,1,2,39),(40,1999,NULL,4815725.576,1,2,40),(41,2000,NULL,5095694.59,1,2,41),(42,2001,230289.1153,5353141.605,1,2,42),(43,2002,249150.9601,5710099.62,1,2,43),(44,2003,261761.4952,6367647.634,1,2,44),(45,2004,501543.7961,7142564.649,1,2,45),(46,2005,383590.3454,7909432.664,1,2,46),(47,2006,575232.887,8547356.727,1,2,47),(48,2007,652978.7122,9142393.79,1,2,48),(49,2008,738031.2919,9421928.853,1,2,49),(50,2009,599603.2269,9967962.916,1,2,50),(51,2010,627825.8802,10920070.11,1,2,51),(52,2011,598586.6214,11802303.17,1,2,52),(53,2012,605004.4187,12195006.23,1,2,53),(54,2013,441325.8717,12685101.77,1,2,54),(55,2014,531643.2997,12741011.3,1,2,55),(56,2015,490444.5825,12799776.04,1,2,56),(57,2016,718689.1052,12839697.92,1,2,57),(58,2017,644239.3396,13110071.8,1,2,58),(59,2018,569452.9736,13442496.69,1,2,59),(60,2019,496972.4354,NULL,1,2,60),(61,1990,NULL,1042358.841,1,2,61),(62,1991,NULL,1100537.504,1,2,62),(63,1992,NULL,1158716.168,1,2,63),(64,1993,NULL,1216894.831,1,2,64),(65,1994,NULL,1284740,1,2,65),(66,1995,NULL,1338606.667,1,2,66),(67,1996,NULL,1392473.333,1,2,67),(68,1997,NULL,1446340,1,2,68),(69,1998,NULL,1500206.667,1,2,69),(70,1999,NULL,1554073.333,1,2,70),(71,2000,NULL,1607940,1,2,71),(72,2001,62361.1745,1667722.729,1,2,72),(73,2002,53005.48774,1727505.457,1,2,73),(74,2003,47750.63815,1787288.186,1,2,74),(75,2004,74129.19983,1847070.914,1,2,75),(76,2005,62504.67385,1906853.643,1,2,76),(77,2006,67410.50808,1966636.371,1,2,77),(78,2007,73906.51986,2026419.1,1,2,78),(79,2008,85952.75573,2076099.4,1,2,79),(80,2009,79202.84904,2125779.7,1,2,80),(81,2010,51317.10632,2175460,1,2,81),(82,2011,88460.35915,2291510.505,1,2,82),(83,2012,95068.55768,2407561.01,1,2,83),(84,2013,80865.7359,2523611.515,1,2,84),(85,2014,139137.7522,2639662.02,1,2,85),(86,2015,116308.117,2721592.498,1,2,86),(87,2016,175362.3446,2767715.126,1,2,87),(88,2017,189420.9659,2879469.188,1,2,88),(89,2018,132232.993,2992662.814,1,2,89),(90,2019,121154.4372,NULL,1,2,90),(91,1990,NULL,3187507.079,1,2,91),(92,1991,NULL,3024887.55,1,2,92),(93,1992,NULL,2537506.157,1,2,93),(94,1993,NULL,2399711.489,1,2,94),(95,1994,NULL,2137226.565,1,2,95),(96,1995,NULL,2084988.217,1,2,96),(97,1996,NULL,2029941.372,1,2,97),(98,1997,NULL,1912753.068,1,2,98),(99,1998,NULL,1879354.896,1,2,99),(100,1999,NULL,1905174.109,1,2,100),(101,2000,NULL,1901067.271,1,2,101),(102,2001,677872.8968,1942384.53,1,2,102),(103,2002,714285.9881,1924360.113,1,2,103),(104,2003,785648.8917,1959432.504,1,2,104),(105,2004,1056089.956,1974435.639,1,2,105),(106,2005,833220.7088,1995073.023,1,2,106),(107,2006,845373.6612,2057942.51,1,2,107),(108,2007,884284.0324,2059557.096,1,2,108),(109,2008,977471.9017,2098480.691,1,2,109),(110,2009,876147.6158,1961217.41,1,2,110),(111,2010,918875.5683,2057878.018,1,2,111),(112,2011,1349876.781,2119644.435,1,2,112),(113,2012,1370318.884,2147996.177,1,2,113),(114,2013,1013562.901,2092550.405,1,2,114),(115,2014,980729.425,2094363.536,1,2,115),(116,2015,774854.8746,2094011.747,1,2,116),(117,2016,1219728.321,2098138.553,1,2,117),(118,2017,1135530.761,2155270.607,1,2,118),(119,2018,1049637.246,2220122.955,1,2,119),(120,2019,951070.789,NULL,1,2,120),(121,1990,NULL,1270039.967,1,2,121),(122,1991,NULL,1284001.177,1,2,122),(123,1992,NULL,1296664.518,1,2,123),(124,1993,NULL,1289105.604,1,2,124),(125,1994,NULL,1353440.832,1,2,125),(126,1995,NULL,1374505.101,1,2,126),(127,1996,NULL,1386969.521,1,2,127),(128,1997,NULL,1379301.653,1,2,128),(129,1998,NULL,1330779.959,1,2,129),(130,1999,NULL,1354370.003,1,2,130),(131,2000,NULL,1374774.031,1,2,131),(132,2001,22394.5295,1349333.276,1,2,132),(133,2002,24496.78175,1373167.464,1,2,133),(134,2003,18932.99517,1379116.924,1,2,134),(135,2004,35013.32702,1371688.862,1,2,135),(136,2005,34634.74045,1378770.807,1,2,136),(137,2006,37229.76359,1357162.212,1,2,137),(138,2007,43659.94117,1393190.467,1,2,138),(139,2008,38745.5107,1321204.286,1,2,139),(140,2009,39420.69414,1248422.286,1,2,140),(141,2010,34162.44321,1302549.969,1,2,141),(142,2011,34456.9392,1353603.926,1,2,142),(143,2012,43527.87272,1396323.773,1,2,143),(144,2013,22302.90059,1407809.066,1,2,144),(145,2014,27028.74559,1358344.546,1,2,145),(146,2015,30146.41441,1319800.191,1,2,146),(147,2016,52792.79026,1302842.083,1,2,147),(148,2017,45912.95298,1289239.533,1,2,148),(149,2018,48804.10526,1238342.71,1,2,149),(150,2019,49423.50594,NULL,1,2,150),(151,1990,NULL,1249000,1,2,151),(152,1991,NULL,1202000,1,2,152),(153,1992,NULL,1152000,1,2,153),(154,1993,NULL,1143000,1,2,154),(155,1994,NULL,1124000,1,2,155),(156,1995,NULL,1121000,1,2,156),(157,1996,NULL,1139000,1,2,157),(158,1997,NULL,1104000,1,2,158),(159,1998,NULL,1079000,1,2,159),(160,1999,NULL,1045000,1,2,160),(161,2000,NULL,1043000,1,2,161),(162,2001,14459.9834,1059000,1,2,162),(163,2002,14762.80153,1037000,1,2,163),(164,2003,6212.805804,1035000,1,2,164),(165,2004,43628.27408,1019000,1,2,165),(166,2005,38627.99607,993000,1,2,166),(167,2006,41340.82451,1001000,1,2,167),(168,2007,92183.37314,974000,1,2,168),(169,2008,60145.60397,977000,1,2,169),(170,2009,27922.85514,909000,1,2,170),(171,2010,73532.03648,942000,1,2,171),(172,2011,33245.77372,919000,1,2,172),(173,2012,25107.66904,924000,1,2,173),(174,2013,15016.04803,942000,1,2,174),(175,2014,20315.42727,902000,1,2,175),(176,2015,12495.50474,906000,1,2,176),(177,2016,26059.84274,909000,1,2,177),(178,2017,31901.96017,894000,1,2,178),(179,2018,50972.20114,858000,1,2,179),(180,2019,105670.4847,NULL,1,2,180),(181,1990,NULL,209238344,1,2,181),(182,1991,NULL,225954213,1,2,182),(183,1992,NULL,226957021,1,2,183),(184,1993,NULL,235576612,1,2,184),(185,1994,NULL,263520378,1,2,185),(186,1995,NULL,271147525,1,2,186),(187,1996,NULL,274007752,1,2,187),(188,1997,NULL,267099279,1,2,188),(189,1998,NULL,306006267,1,2,189),(190,1999,NULL,379627035,1,2,190),(191,2000,NULL,369263488,1,2,191),(192,2001,18.62173305,394931363,1,2,192),(193,2002,49.73920986,397798325,1,2,193),(194,2003,90.07302413,413993478,1,2,194),(195,2004,4.278504014,442089679,1,2,195),(196,2005,19.54568891,463529947,1,2,196),(197,2006,12.1542299,503790565,1,2,197),(198,2007,10.94693799,513313824,1,2,198),(199,2008,105.597926,534910112,1,2,199),(200,2009,10.84580399,546884971,1,2,200),(201,2010,8.904089019,564034509,1,2,201),(202,2011,22.35680409,579040039,1,2,202),(203,2012,38.86863139,600683960,1,2,203),(204,2013,6.529201063,608710066,1,2,204),(205,2014,0.247185087,641916428,1,2,205),(206,2015,NULL,640811187,1,2,206),(207,2016,NULL,648060686,1,2,207),(208,2017,5.406846673,724578499,1,2,208),(209,2018,30.15716228,755402186,1,2,209),(210,2019,65.77761701,779526533,1,2,210),(211,1990,NULL,247438197,1,2,211),(212,1991,NULL,262038316,1,2,212),(213,1992,NULL,282194315,1,2,213),(214,1993,NULL,321837776,1,2,214),(215,1994,NULL,344263753,1,2,215),(216,1995,NULL,373992431,1,2,216),(217,1996,NULL,401529624,1,2,217),(218,1997,NULL,427786068,1,2,218),(219,1998,NULL,363548260,1,2,219),(220,1999,NULL,398325258,1,2,220),(221,2000,NULL,445440693,1,2,221),(222,2001,5174.429378,448550576,1,2,222),(223,2002,4364.342443,463628014,1,2,223),(224,2003,3325.367987,462407318,1,2,224),(225,2004,10632.79434,478605781,1,2,225),(226,2005,8315.211337,459345664,1,2,226),(227,2006,9253.695431,465605910,1,2,227),(228,2007,7390.386094,493353378,1,2,228),(229,2008,12881.23583,505782554,1,2,229),(230,2009,15041.63375,506764395,1,2,230),(231,2010,13557.99197,565960803,1,2,231),(232,2011,10839.70376,588403868,1,2,232),(233,2012,14781.66223,583631857,1,2,233),(234,2013,8803.551885,591539853,1,2,234),(235,2014,12613.71699,586547889,1,2,235),(236,2015,16285.76796,595393885,1,2,236),(237,2016,21277.16408,617960077,1,2,237),(238,2017,19527.0613,620610020,1,2,238),(239,2018,20605.90012,634934068,1,2,239),(240,2019,19594.3282,611263215,1,2,240),(241,1990,NULL,185485266,1,2,241),(242,1991,NULL,267386176,1,2,242),(243,1992,NULL,285074123,1,2,243),(244,1993,NULL,313327385,1,2,244),(245,1994,NULL,307473248,1,2,245),(246,1995,NULL,234711959,1,2,246),(247,1996,NULL,258263647,1,2,247),(248,1997,NULL,215796742,1,2,248),(249,1998,NULL,207230516,1,2,249),(250,1999,NULL,225976481,1,2,250),(251,2000,NULL,296353330,1,2,251),(252,2001,NULL,296574891,1,2,252),(253,2002,NULL,325681177,1,2,253),(254,2003,NULL,326517114,1,2,254),(255,2004,NULL,394584890,1,2,255),(256,2005,NULL,395854760,1,2,256),(257,2006,NULL,431291968,1,2,257),(258,2007,NULL,386507147,1,2,258),(259,2008,NULL,432336410,1,2,259),(260,2009,NULL,465844309,1,2,260),(261,2010,NULL,517715947,1,2,261),(262,2011,NULL,497659010,1,2,262),(263,2012,NULL,563179493,1,2,263),(264,2013,NULL,540805232,1,2,264),(265,2014,NULL,601895936,1,2,265),(266,2015,NULL,645408616,1,2,266),(267,2016,NULL,565750719,1,2,267),(268,2017,NULL,579416606,1,2,268),(269,2018,NULL,576757836,1,2,269),(270,2019,NULL,582149599,1,2,270),(271,1990,NULL,150285898,1,2,271),(272,1991,NULL,180622067,1,2,272),(273,1992,NULL,203577381,1,2,273),(274,1993,NULL,219762340,1,2,274),(275,1994,NULL,222854215,1,2,275),(276,1995,NULL,226545168,1,2,276),(277,1996,NULL,255068826,1,2,277),(278,1997,NULL,280736316,1,2,278),(279,1998,NULL,215969965,1,2,279),(280,1999,NULL,243951872,1,2,280),(281,2000,NULL,265803375,1,2,281),(282,2001,744087.9891,297530277,1,2,282),(283,2002,855275.863,307361491,1,2,283),(284,2003,544810.2966,316654652,1,2,284),(285,2004,1289042.657,339847947,1,2,285),(286,2005,1182441.785,343336480,1,2,286),(287,2006,1433150.234,346443307,1,2,287),(288,2007,1387625.292,376865255,1,2,288),(289,2008,1396251.29,417561760,1,2,289),(290,2009,1944963.172,447098827,1,2,290),(291,2010,1279331.975,428174280,1,2,291),(292,2011,1543628.923,508073307,1,2,292),(293,2012,2260260.505,526383107,1,2,293),(294,2013,1139298.669,411191030,1,2,294),(295,2014,1894360.727,416823174,1,2,295),(296,2015,1746470.535,507012048,1,2,296),(297,2016,2422071.537,568193857,1,2,297),(298,2017,1300719.376,531011978,1,2,298),(299,2018,1218732.516,576584390,1,2,299),(300,2019,1176884.144,617512648,1,2,300);
/*!40000 ALTER TABLE `causes_history` ENABLE KEYS */;
UNLOCK TABLES;

--
-- Table structure for table `causes_information`
--

DROP TABLE IF EXISTS `causes_information`;
/*!40101 SET @saved_cs_client     = @@character_set_client */;
/*!50503 SET character_set_client = utf8 */;
CREATE TABLE `causes_information` (
  `causes_id` int NOT NULL,
  `name` varchar(20) NOT NULL,
  `description` varchar(100) DEFAULT NULL,
  `source_information` varchar(200) DEFAULT NULL,
  PRIMARY KEY (`causes_id`)
) ENGINE=InnoDB DEFAULT CHARSET=utf8;
/*!40101 SET character_set_client = @saved_cs_client */;

--
-- Dumping data for table `causes_information`
--

LOCK TABLES `causes_information` WRITE;
/*!40000 ALTER TABLE `causes_information` DISABLE KEYS */;
INSERT INTO `causes_information` VALUES (1,'Deforestation','Number of hectares tree cover lost','https://www.globalforestwatch.org/dashboards'),(2,'Greenhouse Gases','Tons of CO2 Equivalent','https://stats.oecd.org/Index.aspx?DataSetCode=AIR_GHG');
/*!40000 ALTER TABLE `causes_information` ENABLE KEYS */;
UNLOCK TABLES;

--
-- Table structure for table `continents`
--

DROP TABLE IF EXISTS `continents`;
/*!40101 SET @saved_cs_client     = @@character_set_client */;
/*!50503 SET character_set_client = utf8 */;
CREATE TABLE `continents` (
  `continent_id` int NOT NULL,
  `name` varchar(20) NOT NULL,
  PRIMARY KEY (`continent_id`)
) ENGINE=InnoDB DEFAULT CHARSET=utf8;
/*!40101 SET character_set_client = @saved_cs_client */;

--
-- Dumping data for table `continents`
--

LOCK TABLES `continents` WRITE;
/*!40000 ALTER TABLE `continents` DISABLE KEYS */;
INSERT INTO `continents` VALUES (1,'North America'),(2,'Asia'),(3,'Europe');
/*!40000 ALTER TABLE `continents` ENABLE KEYS */;
UNLOCK TABLES;

--
-- Table structure for table `continents_countries`
--

DROP TABLE IF EXISTS `continents_countries`;
/*!40101 SET @saved_cs_client     = @@character_set_client */;
/*!50503 SET character_set_client = utf8 */;
CREATE TABLE `continents_countries` (
  `index` int NOT NULL,
  `year` int DEFAULT NULL,
  `population` double DEFAULT NULL,
  `size_in_sq_km` double DEFAULT NULL,
  `life_expectancy` double DEFAULT NULL,
  `fk_country_id` int DEFAULT NULL,
  `fk_continent_id` int DEFAULT NULL,
  PRIMARY KEY (`index`),
  KEY `fk_country_id_idx` (`fk_country_id`),
  KEY `fk_continent_id_idx` (`fk_continent_id`),
  CONSTRAINT `fk_continent_id` FOREIGN KEY (`fk_continent_id`) REFERENCES `continents` (`continent_id`),
  CONSTRAINT `fk_country_id` FOREIGN KEY (`fk_country_id`) REFERENCES `countries` (`country_id`)
) ENGINE=InnoDB DEFAULT CHARSET=utf8;
/*!40101 SET character_set_client = @saved_cs_client */;

--
-- Dumping data for table `continents_countries`
--

LOCK TABLES `continents_countries` WRITE;
/*!40000 ALTER TABLE `continents_countries` DISABLE KEYS */;
INSERT INTO `continents_countries` VALUES (1,1990,249623000,9158960,75.21463415,1,1),(2,1991,252981000,9158960,75.36585366,1,1),(3,1992,256514000,9158960,75.61707317,1,1),(4,1993,259919000,9158960,75.4195122,1,1),(5,1994,263126000,9158960,75.6195122,1,1),(6,1995,266278000,9158960,75.62195122,1,1),(7,1996,269394000,9158960,76.02682927,1,1),(8,1997,272657000,9158960,76.42926829,1,1),(9,1998,275854000,9158960,76.5804878,1,1),(10,1999,279040000,9158960,76.58292683,1,1),(11,2000,282162411,9161920,76.63658537,1,1),(12,2001,284968955,9161920,76.83658537,1,1),(13,2002,287625193,9161920,76.93658537,1,1),(14,2003,290107933,9161920,77.03658537,1,1),(15,2004,292805298,9161920,77.48780488,1,1),(16,2005,295516599,9161920,77.48780488,1,1),(17,2006,298379912,9161920,77.68780488,1,1),(18,2007,301231207,9161920,77.98780488,1,1),(19,2008,304093966,9147420,78.03902439,1,1),(20,2009,306771529,9147420,78.3902439,1,1),(21,2010,309321666,9147420,78.54146341,1,1),(22,2011,311556874,9147420,78.64146341,1,1),(23,2012,313830990,9147420,78.74146341,1,1),(24,2013,315993715,9147420,78.74146341,1,1),(25,2014,318301008,9147420,78.84146341,1,1),(26,2015,320635163,9147420,78.6902439,1,1),(27,2016,322941311,9147420,78.53902439,1,1),(28,2017,324985539,9147420,78.53902439,1,1),(29,2018,326687501,9147420,78.53902439,1,1),(30,2019,328239523,9147420,NULL,1,1),(31,1990,1135185000,9424670,69.145,2,2),(32,1991,1150780000,9424670,69.242,2,2),(33,1992,1164970000,9424670,69.355,2,2),(34,1993,1178440000,9424670,69.496,2,2),(35,1994,1191835000,9424670,69.67,2,2),(36,1995,1204855000,9424720,69.885,2,2),(37,1996,1217550000,9424710,70.14,2,2),(38,1997,1230075000,9424710,70.428,2,2),(39,1998,1241935000,9424710,70.737,2,2),(40,1999,1252735000,9424710,71.063,2,2),(41,2000,1262645000,9424700,71.397,2,2),(42,2001,1271850000,9424700.2,71.732,2,2),(43,2002,1280400000,9424700.2,72.061,2,2),(44,2003,1288400000,9424699.7,72.381,2,2),(45,2004,1296075000,9424700.5,72.689,2,2),(46,2005,1303720000,9424699.8,72.985,2,2),(47,2006,1311020000,9424700,73.271,2,2),(48,2007,1317885000,9424700,73.553,2,2),(49,2008,1324655000,9424700,73.835,2,2),(50,2009,1331260000,9424700.5,74.119,2,2),(51,2010,1337705000,9424700.7,74.409,2,2),(52,2011,1344130000,9424700.9,74.708,2,2),(53,2012,1350695000,9424700.9,75.013,2,2),(54,2013,1357380000,9424701.3,75.321,2,2),(55,2014,1364270000,9424701.3,75.629,2,2),(56,2015,1371220000,9424701.4,75.928,2,2),(57,2016,1378665000,9424700.5,76.21,2,2),(58,2017,1386395000,9424700.8,76.47,2,2),(59,2018,1392730000,9424702.9,76.704,2,2),(60,2019,1397715000,9424702.9,NULL,2,2),(61,1990,873277798,2973190,57.865,3,2),(62,1991,891273209,2973190,58.353,3,2),(63,1992,909307016,2973190,58.851,3,2),(64,1993,927403860,2973190,59.349,3,2),(65,1994,945601831,2973190,59.84,3,2),(66,1995,963922588,2973190,60.32,3,2),(67,1996,982365243,2973190,60.783,3,2),(68,1997,1000900030,2973190,61.233,3,2),(69,1998,1019483581,2973190,61.669,3,2),(70,1999,1038058156,2973190,62.093,3,2),(71,2000,1056575549,2973190,62.505,3,2),(72,2001,1075000085,2973190,62.907,3,2),(73,2002,1093317189,2973190,63.304,3,2),(74,2003,1111523144,2973190,63.699,3,2),(75,2004,1129623456,2973190,64.095,3,2),(76,2005,1147609927,2973190,64.5,3,2),(77,2006,1165486291,2973190,64.918,3,2),(78,2007,1183209472,2973190,65.35,3,2),(79,2008,1200669765,2973190,65.794,3,2),(80,2009,1217726215,2973190,66.244,3,2),(81,2010,1234281170,2973190,66.693,3,2),(82,2011,1250288729,2973190,67.13,3,2),(83,2012,1265782790,2973190,67.545,3,2),(84,2013,1280846129,2973190,67.931,3,2),(85,2014,1295604184,2973190,68.286,3,2),(86,2015,1310152403,2973190,68.607,3,2),(87,2016,1324509589,2973190,68.897,3,2),(88,2017,1338658835,2973190,69.165,3,2),(89,2018,1352617328,2973190,69.416,3,2),(90,2019,1366417754,2973190,NULL,3,2),(91,1990,147969407,16389950,68.88609756,4,2),(92,1991,148394216,16389950,68.47439024,4,2),(93,1992,148538197,16389950,66.87317073,4,2),(94,1993,148458777,16386180,64.93585366,4,2),(95,1994,148407912,16381330,64.46707317,4,2),(96,1995,148375787,16378380,64.69073171,4,2),(97,1996,148160129,16377960,65.85414634,4,2),(98,1997,147915361,16378650,66.69878049,4,2),(99,1998,147670784,16381300,67.0297561,4,2),(100,1999,147214776,16388510,65.98219512,4,2),(101,2000,146596869,16381340,65.48365854,4,2),(102,2001,145976482,16380440,65.38341463,4,2),(103,2002,145306497,16380940,65.12878049,4,2),(104,2003,144648618,16380980,65.04780488,4,2),(105,2004,144067316,16381230,65.47097561,4,2),(106,2005,143518814,16381390,65.5297561,4,2),(107,2006,143049637,16377740,66.72756098,4,2),(108,2007,142805114,16377740,67.58682927,4,2),(109,2008,142742366,16376870,67.94926829,4,2),(110,2009,142785349,16376870,68.68463415,4,2),(111,2010,142849468,16376870,68.84121951,4,2),(112,2011,142960908,16376870,69.68390244,4,2),(113,2012,143201721,16376870,70.07219512,4,2),(114,2013,143506995,16376870,70.57878049,4,2),(115,2014,143819666,16376870,70.74365854,4,2),(116,2015,144096870,16376870,71.18341463,4,2),(117,2016,144342396,16376870,71.65121951,4,2),(118,2017,144496740,16376870,72.43195122,4,2),(119,2018,144477860,16376870,72.65731707,4,2),(120,2019,144373535,16376870,NULL,4,2),(121,1990,123537000,364600,78.83682927,5,2),(122,1991,123921000,364600,79.10073171,5,2),(123,1992,124229000,364600,79.15390244,5,2),(124,1993,124536000,364600,79.29365854,5,2),(125,1994,124961000,364600,79.68707317,5,2),(126,1995,125439000,364600,79.53634146,5,2),(127,1996,125757000,364500,80.2002439,5,2),(128,1997,126057000,364500,80.42414634,5,2),(129,1998,126400000,364500,80.50146341,5,2),(130,1999,126631000,364500,80.57073171,5,2),(131,2000,126843000,364500,81.07609756,5,2),(132,2001,127149000,364500,81.41707317,5,2),(133,2002,127445000,364500,81.56341463,5,2),(134,2003,127718000,364500,81.76,5,2),(135,2004,127761000,364500,82.0302439,5,2),(136,2005,127773000,364500,81.92512195,5,2),(137,2006,127854000,364500,82.32195122,5,2),(138,2007,128001000,364500,82.50707317,5,2),(139,2008,128063000,364500,82.58756098,5,2),(140,2009,128047000,364500,82.93146341,5,2),(141,2010,128070000,364500,82.84268293,5,2),(142,2011,127833000,364500,82.59121951,5,2),(143,2012,127629000,364500,83.09609756,5,2),(144,2013,127445000,364500,83.33195122,5,2),(145,2014,127276000,364500,83.58780488,5,2),(146,2015,127141000,364500,83.79390244,5,2),(147,2016,126994511,364500,83.98487805,5,2),(148,2017,126785797,364500,84.0997561,5,2),(149,2018,126529100,364500,84.21097561,5,2),(150,2019,126264931,364500,NULL,5,2),(151,1990,79433029,349130,75.2277561,6,3),(152,1991,80013896,349130,75.3195122,6,3),(153,1992,80624598,349130,75.8195122,6,3),(154,1993,81156363,349120,75.87073171,6,3),(155,1994,81438348,349110,76.27073171,6,3),(156,1995,81678051,349100,76.42195122,6,3),(157,1996,81914831,349090,76.67317073,6,3),(158,1997,82034771,349050,77.07317073,6,3),(159,1998,82047195,349020,77.47560976,6,3),(160,1999,82100243,348980,77.72682927,6,3),(161,2000,82211508,348950,77.92682927,6,3),(162,2001,82349925,348900,78.32926829,6,3),(163,2002,82488495,348860,78.22926829,6,3),(164,2003,82534176,348810,78.3804878,6,3),(165,2004,82516260,348770,78.6804878,6,3),(166,2005,82469422,348760,78.93170732,6,3),(167,2006,82376451,348720,79.13170732,6,3),(168,2007,82266372,348670,79.53414634,6,3),(169,2008,82110097,348630,79.73658537,6,3),(170,2009,81902307,348610,79.83658537,6,3),(171,2010,81776930,348570,79.98780488,6,3),(172,2011,80274983,348560,80.43658537,6,3),(173,2012,80425823,348540,80.53902439,6,3),(174,2013,80645605,348880,80.4902439,6,3),(175,2014,80982500,348900,81.0902439,6,3),(176,2015,81686611,348860,80.64146341,6,3),(177,2016,82348669,349360,80.9902439,6,3),(178,2017,82657002,349370,80.99268293,6,3),(179,2018,82905782,349380,80.89268293,6,3),(180,2019,83132799,349380,NULL,6,3),(181,1990,56366217,1628760,63.837,7,2),(182,1991,57679034,1628760,65.153,7,2),(183,1992,58780370,1628760,66.243,7,2),(184,1993,59723764,1628760,67.137,7,2),(185,1994,60590614,1628760,67.84,7,2),(186,1995,61442664,1628760,68.377,7,2),(187,1996,62294920,1628760,68.791,7,2),(188,1997,63136312,1628760,69.139,7,2),(189,1998,63971836,1628760,69.471,7,2),(190,1999,64800880,1628760,69.813,7,2),(191,2000,65623405,1628760,70.176,7,2),(192,2001,66449112,1628760,70.553,7,2),(193,2002,67284796,1628760,70.921,7,2),(194,2003,68122938,1628760,71.265,7,2),(195,2004,68951281,1628760,71.592,7,2),(196,2005,69762347,1628760,71.917,7,2),(197,2006,70554760,1628760,72.257,7,2),(198,2007,71336475,1628760,72.626,7,2),(199,2008,72120604,1628760,73.027,7,2),(200,2009,72924837,1628760,73.457,7,2),(201,2010,73762519,1628760,73.905,7,2),(202,2011,74634956,1628760,74.352,7,2),(203,2012,75539862,1628760,74.776,7,2),(204,2013,76481943,1628760,75.162,7,2),(205,2014,77465753,1628760,75.502,7,2),(206,2015,78492215,1628760,75.796,7,2),(207,2016,79564016,1628760,76.047,7,2),(208,2017,80673951,1628760,76.271,7,2),(209,2018,81800269,1628760,76.479,7,2),(210,2019,82913906,1628760,NULL,7,2),(211,1990,42869283,96460,71.59756098,8,2),(212,1991,43295704,96460,72.04634146,8,2),(213,1992,43747962,96460,72.49756098,8,2),(214,1993,44194628,96460,72.99756098,8,2),(215,1994,44641540,96460,73.39756098,8,2),(216,1995,45092991,96460,73.7,8,2),(217,1996,45524681,96460,74.15121951,8,2),(218,1997,45953580,96460,74.60243902,8,2),(219,1998,46286503,96460,75.00487805,8,2),(220,1999,46616677,96460,75.4097561,8,2),(221,2000,47008111,96460,75.9097561,8,2),(222,2001,47370164,96740,76.41219512,8,2),(223,2002,47644736,96790,76.76585366,8,2),(224,2003,47892330,96800,77.21463415,8,2),(225,2004,48082519,96820,77.66585366,8,2),(226,2005,48184561,96850,78.16829268,8,2),(227,2006,48438292,96880,78.66829268,8,2),(228,2007,48683638,96920,79.1195122,8,2),(229,2008,49054708,96990,79.51707317,8,2),(230,2009,49307835,97060,79.96829268,8,2),(231,2010,49554112,97200,80.11707317,8,2),(232,2011,49936638,97190,80.56829268,8,2),(233,2012,50199853,97310,80.8195122,8,2),(234,2013,50428893,97426,81.27073171,8,2),(235,2014,50746659,97430,81.72195122,8,2),(236,2015,51014947,97445,82.02439024,8,2),(237,2016,51217803,97489,82.27560976,8,2),(238,2017,51361911,97510,82.62682927,8,2),(239,2018,51606633,97520,82.62682927,8,2),(240,2019,51709098,97520,NULL,8,2),(241,1990,16233785,2149690,69.078,9,2),(242,1991,16772694,2149690,69.522,9,2),(243,1992,17282691,2149690,69.945,9,2),(244,1993,17763298,2149690,70.349,9,2),(245,1994,18214470,2149690,70.733,9,2),(246,1995,18638787,2149690,71.099,9,2),(247,1996,19033845,2149690,71.445,9,2),(248,1997,19407142,2149690,71.766,9,2),(249,1998,19783304,2149690,72.06,9,2),(250,1999,20194527,2149690,72.327,9,2),(251,2000,20663843,2149690,72.561,9,2),(252,2001,21202642,2149690,72.759,9,2),(253,2002,21805313,2149690,72.92,9,2),(254,2003,22456649,2149690,73.051,9,2),(255,2004,23132682,2149690,73.159,9,2),(256,2005,23816183,2149690,73.256,9,2),(257,2006,24498310,2149690,73.355,9,2),(258,2007,25184597,2149690,73.467,9,2),(259,2008,25888541,2149690,73.598,9,2),(260,2009,26630303,2149690,73.75,9,2),(261,2010,27421461,2149690,73.917,9,2),(262,2011,28267685,2149690,74.089,9,2),(263,2012,29155187,2149690,74.254,9,2),(264,2013,30052518,2149690,74.402,9,2),(265,2014,30916994,2149690,74.533,9,2),(266,2015,31717667,2149690,74.651,9,2),(267,2016,32442572,2149690,74.761,9,2),(268,2017,33099147,2149690,74.874,9,2),(269,2018,33699947,2149690,74.998,9,2),(270,2019,34268528,2149690,NULL,9,2),(271,1990,181413402,1811570,62.32,10,2),(272,1991,184591903,1811570,62.727,10,2),(273,1992,187739786,1811570,63.131,10,2),(274,1993,190851175,1811570,63.529,10,2),(275,1994,193917462,1811570,63.919,10,2),(276,1995,196934260,1811570,64.291,10,2),(277,1996,199901228,1811570,64.637,10,2),(278,1997,202826446,1811570,64.954,10,2),(279,1998,205724592,1811570,65.244,10,2),(280,1999,208615169,1811570,65.513,10,2),(281,2000,211513823,1811570,65.772,10,2),(282,2001,214427417,1811570,66.037,10,2),(283,2002,217357793,1811570,66.321,10,2),(284,2003,220309469,1811570,66.631,10,2),(285,2004,223285676,1811570,66.969,10,2),(286,2005,226289470,1811570,67.334,10,2),(287,2006,229318262,1811570,67.717,10,2),(288,2007,232374245,1811570,68.105,10,2),(289,2008,235469762,1811570,68.485,10,2),(290,2009,238620563,1811570,68.853,10,2),(291,2010,241834215,1811570,69.205,10,2),(292,2011,245116206,1811570,69.542,10,2),(293,2012,248452413,1811570,69.866,10,2),(294,2013,251806402,1811570,70.179,10,2),(295,2014,255129004,1811570,70.481,10,2),(296,2015,258383256,1811570,70.768,10,2),(297,2016,261554226,1877519,71.035,10,2),(298,2017,264645886,1877519,71.282,10,2),(299,2018,267663435,1877519,71.509,10,2),(300,2019,270625568,1877519,NULL,10,2);
/*!40000 ALTER TABLE `continents_countries` ENABLE KEYS */;
UNLOCK TABLES;

--
-- Table structure for table `countries`
--

DROP TABLE IF EXISTS `countries`;
/*!40101 SET @saved_cs_client     = @@character_set_client */;
/*!50503 SET character_set_client = utf8 */;
CREATE TABLE `countries` (
  `country_id` int NOT NULL,
  `name` varchar(30) NOT NULL,
  PRIMARY KEY (`country_id`)
) ENGINE=InnoDB DEFAULT CHARSET=utf8;
/*!40101 SET character_set_client = @saved_cs_client */;

--
-- Dumping data for table `countries`
--

LOCK TABLES `countries` WRITE;
/*!40000 ALTER TABLE `countries` DISABLE KEYS */;
INSERT INTO `countries` VALUES (1,'United States'),(2,'China'),(3,'India'),(4,'Russian Federation'),(5,'Japan'),(6,'Germany'),(7,'Iran'),(8,'South Korea'),(9,'Saudi Arabia'),(10,'Indonesia');
/*!40000 ALTER TABLE `countries` ENABLE KEYS */;
UNLOCK TABLES;

--
-- Temporary view structure for view `country_avg_population`
--

DROP TABLE IF EXISTS `country_avg_population`;
/*!50001 DROP VIEW IF EXISTS `country_avg_population`*/;
SET @saved_cs_client     = @@character_set_client;
/*!50503 SET character_set_client = utf8 */;
/*!50001 CREATE VIEW `country_avg_population` AS SELECT 
 1 AS `country`,
 1 AS `avg_population`*/;
SET character_set_client = @saved_cs_client;

--
-- Temporary view structure for view `country_info`
--

DROP TABLE IF EXISTS `country_info`;
/*!50001 DROP VIEW IF EXISTS `country_info`*/;
SET @saved_cs_client     = @@character_set_client;
/*!50503 SET character_set_client = utf8 */;
/*!50001 CREATE VIEW `country_info` AS SELECT 
 1 AS `year`,
 1 AS `country`,
 1 AS `continent`,
 1 AS `population`,
 1 AS `size_in_sq_km`,
 1 AS `life_expectancy`*/;
SET character_set_client = @saved_cs_client;

--
-- Temporary view structure for view `effect_references_2018`
--

DROP TABLE IF EXISTS `effect_references_2018`;
/*!50001 DROP VIEW IF EXISTS `effect_references_2018`*/;
SET @saved_cs_client     = @@character_set_client;
/*!50503 SET character_set_client = utf8 */;
/*!50001 CREATE VIEW `effect_references_2018` AS SELECT 
 1 AS `Global Temperature`,
 1 AS `global_temperature`,
 1 AS `description`,
 1 AS `source_infomation`*/;
SET character_set_client = @saved_cs_client;

--
-- Table structure for table `effects_history`
--

DROP TABLE IF EXISTS `effects_history`;
/*!40101 SET @saved_cs_client     = @@character_set_client */;
/*!50503 SET character_set_client = utf8 */;
CREATE TABLE `effects_history` (
  `year` int NOT NULL,
  `global_temperature` double DEFAULT NULL,
  `sea_level` double DEFAULT NULL,
  `us_wildfire` double DEFAULT NULL,
  `fk_global_temperature_id` int DEFAULT NULL,
  `fk_sea_level_information_id` int DEFAULT NULL,
  `fk_us_wildfire_information_id` int DEFAULT NULL,
  PRIMARY KEY (`year`),
  KEY `fk_sea_level_information_id_idx` (`fk_sea_level_information_id`),
  KEY `fk_us_wildfire_information_id_idx` (`fk_us_wildfire_information_id`),
  KEY `fk_global_temperature_id_idx` (`fk_global_temperature_id`),
  CONSTRAINT `fk_global_temperature_id` FOREIGN KEY (`fk_global_temperature_id`) REFERENCES `effects_information` (`effects_id`),
  CONSTRAINT `fk_sea_level_information_id` FOREIGN KEY (`fk_sea_level_information_id`) REFERENCES `effects_information` (`effects_id`),
  CONSTRAINT `fk_us_wildfire_information_id` FOREIGN KEY (`fk_us_wildfire_information_id`) REFERENCES `effects_information` (`effects_id`)
) ENGINE=InnoDB DEFAULT CHARSET=utf8;
/*!40101 SET character_set_client = @saved_cs_client */;

--
-- Dumping data for table `effects_history`
--

LOCK TABLES `effects_history` WRITE;
/*!40000 ALTER TABLE `effects_history` DISABLE KEYS */;
INSERT INTO `effects_history` VALUES (1990,0.66,-19.48,4621621,1,2,3),(1991,0.54,-18.94739583,2953578,1,2,3),(1992,0.25,-17.8140625,2069929,1,2,3),(1993,0.35,-28.7140625,1797574,1,2,3),(1994,0.49,-18.24739583,4073579,1,2,3),(1995,0.78,-11.54739583,1840546,1,2,3),(1996,0.35,-5.147395833,6065998,1,2,3),(1997,0.65,-2.1140625,2856959,1,2,3),(1998,0.99,-9.1140625,1329704,1,2,3),(1999,0.79,-3.080729167,5626093,1,2,3),(2000,0.64,-4.6140625,7393493,1,2,3),(2001,0.86,3.319270833,3570911,1,2,3),(2002,0.97,5.219270833,7184712,1,2,3),(2003,0.96,15.71927083,3960842,1,2,3),(2004,0.83,9.9859375,8097880,1,2,3),(2005,1.1,6.352604167,8689389,1,2,3),(2006,0.99,13.65260417,9873745,1,2,3),(2007,1.13,17.51927083,9328045,1,2,3),(2008,0.91,23.81927083,5292468,1,2,3),(2009,0.92,38.0859375,5921786,1,2,3),(2010,1.17,37.25102558,3422724,1,2,3),(2011,0.93,34.68250576,8711367,1,2,3),(2012,0.98,46.27147442,9326238,1,2,3),(2013,1.05,37.3871177,4319546,1,2,3),(2014,1.04,55.67588286,3595613,1,2,3),(2015,1.43,54.90935276,10125149,1,2,3),(2016,1.54,55.54100329,5509995,1,2,3),(2017,1.42,52.51951993,10026086,1,2,3),(2018,1.22,53.30166183,8767492,1,2,3),(2019,1.43,61.74303963,4664364,1,2,3);
/*!40000 ALTER TABLE `effects_history` ENABLE KEYS */;
UNLOCK TABLES;

--
-- Table structure for table `effects_information`
--

DROP TABLE IF EXISTS `effects_information`;
/*!40101 SET @saved_cs_client     = @@character_set_client */;
/*!50503 SET character_set_client = utf8 */;
CREATE TABLE `effects_information` (
  `effects_id` int NOT NULL,
  `name` varchar(20) NOT NULL,
  `description` varchar(100) DEFAULT NULL,
  `source_infomation` varchar(200) DEFAULT NULL,
  PRIMARY KEY (`effects_id`)
) ENGINE=InnoDB DEFAULT CHARSET=utf8;
/*!40101 SET character_set_client = @saved_cs_client */;

--
-- Dumping data for table `effects_information`
--

LOCK TABLES `effects_information` WRITE;
/*!40000 ALTER TABLE `effects_information` DISABLE KEYS */;
INSERT INTO `effects_information` VALUES (1,'Global Temperature','Global average temperature in celsius','https://www.ncdc.noaa.gov/cag/global/time-series/globe/land/12/12/1990-2019'),(2,'Sea Level','Level in millimeters with a zero value in the year 2000','https://www.climate.gov/sites/default/files/Climate_dot_gov_dashboard_SeaLevel_Jan2021update.txt'),(3,'US Wildfires','Acres burned','https://www.nifc.gov/fire-information/statistics/wildfires');
/*!40000 ALTER TABLE `effects_information` ENABLE KEYS */;
UNLOCK TABLES;

--
-- Temporary view structure for view `max_greenhousegas_by_year`
--

DROP TABLE IF EXISTS `max_greenhousegas_by_year`;
/*!50001 DROP VIEW IF EXISTS `max_greenhousegas_by_year`*/;
SET @saved_cs_client     = @@character_set_client;
/*!50503 SET character_set_client = utf8 */;
/*!50001 CREATE VIEW `max_greenhousegas_by_year` AS SELECT 
 1 AS `cc_year`,
 1 AS `country_name`,
 1 AS `max_greenhouse_gases`*/;
SET character_set_client = @saved_cs_client;

--
-- Temporary view structure for view `population_sealevel_history`
--

DROP TABLE IF EXISTS `population_sealevel_history`;
/*!50001 DROP VIEW IF EXISTS `population_sealevel_history`*/;
SET @saved_cs_client     = @@character_set_client;
/*!50503 SET character_set_client = utf8 */;
/*!50001 CREATE VIEW `population_sealevel_history` AS SELECT 
 1 AS `year`,
 1 AS `sea_level`,
 1 AS `population_of_topten`*/;
SET character_set_client = @saved_cs_client;

--
-- Temporary view structure for view `top_ten_greenhouse_gas_producers`
--

DROP TABLE IF EXISTS `top_ten_greenhouse_gas_producers`;
/*!50001 DROP VIEW IF EXISTS `top_ten_greenhouse_gas_producers`*/;
SET @saved_cs_client     = @@character_set_client;
/*!50503 SET character_set_client = utf8 */;
/*!50001 CREATE VIEW `top_ten_greenhouse_gas_producers` AS SELECT 
 1 AS `country_id`,
 1 AS `name`*/;
SET character_set_client = @saved_cs_client;

--
-- Final view structure for view `country_avg_population`
--

/*!50001 DROP VIEW IF EXISTS `country_avg_population`*/;
/*!50001 SET @saved_cs_client          = @@character_set_client */;
/*!50001 SET @saved_cs_results         = @@character_set_results */;
/*!50001 SET @saved_col_connection     = @@collation_connection */;
/*!50001 SET character_set_client      = utf8 */;
/*!50001 SET character_set_results     = utf8 */;
/*!50001 SET collation_connection      = utf8_unicode_ci */;
/*!50001 CREATE ALGORITHM=UNDEFINED */
/*!50013 DEFINER=`root`@`localhost` SQL SECURITY DEFINER */
/*!50001 VIEW `country_avg_population` AS select `countries`.`name` AS `country`,avg(`all_country_info`.`cc_population`) AS `avg_population` from (((select `continents_countries`.`year` AS `cc_year`,`continents_countries`.`population` AS `cc_population`,`continents_countries`.`size_in_sq_km` AS `cc_size_in_sq_km`,`continents_countries`.`life_expectancy` AS `cc_life_expectancy`,`continents_countries`.`fk_country_id` AS `fk_country_id`,`continents_countries`.`fk_continent_id` AS `fk_continent_id` from `continents_countries`) `all_country_info` join `countries` on((`countries`.`country_id` = `all_country_info`.`fk_country_id`))) join `continents` on((`continents`.`continent_id` = `all_country_info`.`fk_continent_id`))) group by `all_country_info`.`fk_country_id` order by `avg_population` */;
/*!50001 SET character_set_client      = @saved_cs_client */;
/*!50001 SET character_set_results     = @saved_cs_results */;
/*!50001 SET collation_connection      = @saved_col_connection */;

--
-- Final view structure for view `country_info`
--

/*!50001 DROP VIEW IF EXISTS `country_info`*/;
/*!50001 SET @saved_cs_client          = @@character_set_client */;
/*!50001 SET @saved_cs_results         = @@character_set_results */;
/*!50001 SET @saved_col_connection     = @@collation_connection */;
/*!50001 SET character_set_client      = utf8 */;
/*!50001 SET character_set_results     = utf8 */;
/*!50001 SET collation_connection      = utf8_unicode_ci */;
/*!50001 CREATE ALGORITHM=UNDEFINED */
/*!50013 DEFINER=`root`@`localhost` SQL SECURITY DEFINER */
/*!50001 VIEW `country_info` AS select `all_country_info`.`cc_year` AS `year`,`countries`.`name` AS `country`,`continents`.`name` AS `continent`,`all_country_info`.`cc_population` AS `population`,`all_country_info`.`cc_size_in_sq_km` AS `size_in_sq_km`,`all_country_info`.`cc_life_expectancy` AS `life_expectancy` from (((select `continents_countries`.`year` AS `cc_year`,`continents_countries`.`population` AS `cc_population`,`continents_countries`.`size_in_sq_km` AS `cc_size_in_sq_km`,`continents_countries`.`life_expectancy` AS `cc_life_expectancy`,`continents_countries`.`fk_country_id` AS `fk_country_id`,`continents_countries`.`fk_continent_id` AS `fk_continent_id` from `continents_countries`) `all_country_info` join `countries` on((`countries`.`country_id` = `all_country_info`.`fk_country_id`))) join `continents` on((`continents`.`continent_id` = `all_country_info`.`fk_continent_id`))) where (`countries`.`name` = 'China') order by `all_country_info`.`cc_year` */;
/*!50001 SET character_set_client      = @saved_cs_client */;
/*!50001 SET character_set_results     = @saved_cs_results */;
/*!50001 SET collation_connection      = @saved_col_connection */;

--
-- Final view structure for view `effect_references_2018`
--

/*!50001 DROP VIEW IF EXISTS `effect_references_2018`*/;
/*!50001 SET @saved_cs_client          = @@character_set_client */;
/*!50001 SET @saved_cs_results         = @@character_set_results */;
/*!50001 SET @saved_col_connection     = @@collation_connection */;
/*!50001 SET character_set_client      = utf8 */;
/*!50001 SET character_set_results     = utf8 */;
/*!50001 SET collation_connection      = utf8_unicode_ci */;
/*!50001 CREATE ALGORITHM=UNDEFINED */
/*!50013 DEFINER=`root`@`localhost` SQL SECURITY DEFINER */
/*!50001 VIEW `effect_references_2018` AS select 'Global Temperature' AS `Global Temperature`,`effects_history`.`global_temperature` AS `global_temperature`,`effects_information`.`description` AS `description`,`effects_information`.`source_infomation` AS `source_infomation` from (`effects_history` join `effects_information` on((`effects_information`.`effects_id` = `effects_history`.`fk_global_temperature_id`))) where (`effects_history`.`year` = 2018) */;
/*!50001 SET character_set_client      = @saved_cs_client */;
/*!50001 SET character_set_results     = @saved_cs_results */;
/*!50001 SET collation_connection      = @saved_col_connection */;

--
-- Final view structure for view `max_greenhousegas_by_year`
--

/*!50001 DROP VIEW IF EXISTS `max_greenhousegas_by_year`*/;
/*!50001 SET @saved_cs_client          = @@character_set_client */;
/*!50001 SET @saved_cs_results         = @@character_set_results */;
/*!50001 SET @saved_col_connection     = @@collation_connection */;
/*!50001 SET character_set_client      = utf8 */;
/*!50001 SET character_set_results     = utf8 */;
/*!50001 SET collation_connection      = utf8_unicode_ci */;
/*!50001 CREATE ALGORITHM=UNDEFINED */
/*!50013 DEFINER=`root`@`localhost` SQL SECURITY DEFINER */
/*!50001 VIEW `max_greenhousegas_by_year` AS with `cause_table` as (select `causes_history`.`year` AS `cc_year`,`continents_countries`.`index` AS `cc_index`,`countries`.`country_id` AS `cid`,`countries`.`name` AS `country_name`,`causes_history`.`greenhouse_gases` AS `greenhouse_gases` from ((`causes_history` join `continents_countries` on((`causes_history`.`fk_continents_countries_index` = `continents_countries`.`index`))) join `countries` on((`countries`.`country_id` = `continents_countries`.`fk_country_id`))) where (`causes_history`.`greenhouse_gases` is not null) order by `causes_history`.`year`,`causes_history`.`greenhouse_gases` desc), `get_max_gases` as (select `cause_table`.`cc_year` AS `cc_year`,`cause_table`.`country_name` AS `country_name`,max(`cause_table`.`greenhouse_gases`) AS `max_greenhouse_gases` from `cause_table` group by `cause_table`.`cc_year`), `get_year_max_gases` as (select `cause_table`.`cc_year` AS `cc_year`,`cause_table`.`country_name` AS `country_name`,`get_max_gases`.`max_greenhouse_gases` AS `max_greenhouse_gases` from (`get_max_gases` join `cause_table` on((`get_max_gases`.`max_greenhouse_gases` = `cause_table`.`greenhouse_gases`)))) select `get_year_max_gases`.`cc_year` AS `cc_year`,`get_year_max_gases`.`country_name` AS `country_name`,`get_year_max_gases`.`max_greenhouse_gases` AS `max_greenhouse_gases` from `get_year_max_gases` order by `get_year_max_gases`.`cc_year` */;
/*!50001 SET character_set_client      = @saved_cs_client */;
/*!50001 SET character_set_results     = @saved_cs_results */;
/*!50001 SET collation_connection      = @saved_col_connection */;

--
-- Final view structure for view `population_sealevel_history`
--

/*!50001 DROP VIEW IF EXISTS `population_sealevel_history`*/;
/*!50001 SET @saved_cs_client          = @@character_set_client */;
/*!50001 SET @saved_cs_results         = @@character_set_results */;
/*!50001 SET @saved_col_connection     = @@collation_connection */;
/*!50001 SET character_set_client      = utf8 */;
/*!50001 SET character_set_results     = utf8 */;
/*!50001 SET collation_connection      = utf8_unicode_ci */;
/*!50001 CREATE ALGORITHM=UNDEFINED */
/*!50013 DEFINER=`root`@`localhost` SQL SECURITY DEFINER */
/*!50001 VIEW `population_sealevel_history` AS with `population_table` as (select `continents_countries`.`year` AS `year`,sum(`continents_countries`.`population`) AS `population_of_topten` from `continents_countries` group by `continents_countries`.`year` order by `continents_countries`.`year`) select `population_table`.`year` AS `year`,`effects_history`.`sea_level` AS `sea_level`,`population_table`.`population_of_topten` AS `population_of_topten` from (`population_table` join `effects_history` on((`population_table`.`year` = `effects_history`.`year`))) */;
/*!50001 SET character_set_client      = @saved_cs_client */;
/*!50001 SET character_set_results     = @saved_cs_results */;
/*!50001 SET collation_connection      = @saved_col_connection */;

--
-- Final view structure for view `top_ten_greenhouse_gas_producers`
--

/*!50001 DROP VIEW IF EXISTS `top_ten_greenhouse_gas_producers`*/;
/*!50001 SET @saved_cs_client          = @@character_set_client */;
/*!50001 SET @saved_cs_results         = @@character_set_results */;
/*!50001 SET @saved_col_connection     = @@collation_connection */;
/*!50001 SET character_set_client      = utf8 */;
/*!50001 SET character_set_results     = utf8 */;
/*!50001 SET collation_connection      = utf8_unicode_ci */;
/*!50001 CREATE ALGORITHM=UNDEFINED */
/*!50013 DEFINER=`root`@`localhost` SQL SECURITY DEFINER */
/*!50001 VIEW `top_ten_greenhouse_gas_producers` AS select `countries`.`country_id` AS `country_id`,`countries`.`name` AS `name` from `countries` */;
/*!50001 SET character_set_client      = @saved_cs_client */;
/*!50001 SET character_set_results     = @saved_cs_results */;
/*!50001 SET collation_connection      = @saved_col_connection */;
/*!40103 SET TIME_ZONE=@OLD_TIME_ZONE */;

/*!40101 SET SQL_MODE=@OLD_SQL_MODE */;
/*!40014 SET FOREIGN_KEY_CHECKS=@OLD_FOREIGN_KEY_CHECKS */;
/*!40014 SET UNIQUE_CHECKS=@OLD_UNIQUE_CHECKS */;
/*!40101 SET CHARACTER_SET_CLIENT=@OLD_CHARACTER_SET_CLIENT */;
/*!40101 SET CHARACTER_SET_RESULTS=@OLD_CHARACTER_SET_RESULTS */;
/*!40101 SET COLLATION_CONNECTION=@OLD_COLLATION_CONNECTION */;
/*!40111 SET SQL_NOTES=@OLD_SQL_NOTES */;

-- Dump completed on 2021-11-14 11:16:14
